[
{
    "model": "post.post",
    "pk": 48,
    "fields": {
        "user": 7,
        "title": "Alcohol",
        "description": "Alcohol",
        "published_at": "2020-09-13T16:38:08.616Z"
    }
},
{
    "model": "post.post",
    "pk": 55,
    "fields": {
        "user": 7,
        "title": "Stress",
        "description": "Stress description",
        "published_at": "2020-09-13T17:07:09.979Z"
    }
},
{
    "model": "post.post",
    "pk": 57,
    "fields": {
        "user": 9,
        "title": "Positivity",
        "description": "Positivity",
        "published_at": "2020-09-13T20:04:52.200Z"
    }
},
{
    "model": "post.post",
    "pk": 58,
    "fields": {
        "user": 9,
        "title": "Anxiety Depression",
        "description": "Anxiety Depression",
        "published_at": "2020-09-13T20:06:01.454Z"
    }
},
{
    "model": "post.post",
    "pk": 59,
    "fields": {
        "user": 6,
        "title": "Bipolar Discipline",
        "description": "Bipolar Discipline",
        "published_at": "2020-09-13T20:06:21.252Z"
    }
},
{
    "model": "post.post",
    "pk": 60,
    "fields": {
        "user": 6,
        "title": "Internet Motivation Personal",
        "description": "Internet Motivation Personal",
        "published_at": "2020-09-13T20:06:42.166Z"
    }
},
{
    "model": "post.post",
    "pk": 61,
    "fields": {
        "user": 8,
        "title": "Productivity PTSD",
        "description": "Productivity PTSD",
        "published_at": "2020-09-13T20:06:59.242Z"
    }
},
{
    "model": "post.post",
    "pk": 62,
    "fields": {
        "user": 8,
        "title": "Self help improvement",
        "description": "Self help improvement",
        "published_at": "2020-09-13T20:07:15.403Z"
    }
},
{
    "model": "post.post",
    "pk": 63,
    "fields": {
        "user": 6,
        "title": "Social Success",
        "description": "Social Success",
        "published_at": "2020-09-13T20:07:58.602Z"
    }
},
{
    "model": "post.post",
    "pk": 64,
    "fields": {
        "user": 7,
        "title": "Relationships",
        "description": "Relationships",
        "published_at": "2020-09-13T20:08:14.641Z"
    }
},
{
    "model": "post.post",
    "pk": 65,
    "fields": {
        "user": 9,
        "title": "Career Alcohol",
        "description": "Career Alcohol",
        "published_at": "2020-09-13T20:09:10.071Z"
    }
},
{
    "model": "post.post",
    "pk": 66,
    "fields": {
        "user": 8,
        "title": "Empathy Productivity",
        "description": "Empathy Productivity",
        "published_at": "2020-09-13T20:09:59.429Z"
    }
},
{
    "model": "post.post",
    "pk": 67,
    "fields": {
        "user": 9,
        "title": "Stress Productivity",
        "description": "Stress Productivity",
        "published_at": "2020-09-13T20:12:10.906Z"
    }
},
{
    "model": "post.post",
    "pk": 69,
    "fields": {
        "user": 6,
        "title": "Stress",
        "description": "Stress description",
        "published_at": "2020-09-16T08:43:34.198Z"
    }
},
{
    "model": "post.post",
    "pk": 71,
    "fields": {
        "user": 6,
        "title": "Edit title for sleep and empathy",
        "description": "Edit description",
        "published_at": "2020-10-07T12:58:05.694Z"
    }
},
{
    "model": "post.tag",
    "pk": 1,
    "fields": {
        "tag_name": "productivity",
        "post": [
            61,
            66,
            67
        ]
    }
},
{
    "model": "post.tag",
    "pk": 2,
    "fields": {
        "tag_name": "self_help",
        "post": [
            62
        ]
    }
},
{
    "model": "post.tag",
    "pk": 3,
    "fields": {
        "tag_name": "self_improvement",
        "post": []
    }
},
{
    "model": "post.tag",
    "pk": 4,
    "fields": {
        "tag_name": "personal_development",
        "post": [
            60
        ]
    }
},
{
    "model": "post.tag",
    "pk": 5,
    "fields": {
        "tag_name": "spirituality",
        "post": []
    }
},
{
    "model": "post.tag",
    "pk": 6,
    "fields": {
        "tag_name": "motivation",
        "post": [
            60
        ]
    }
},
{
    "model": "post.tag",
    "pk": 7,
    "fields": {
        "tag_name": "positivity",
        "post": [
            57
        ]
    }
},
{
    "model": "post.tag",
    "pk": 8,
    "fields": {
        "tag_name": "career",
        "post": [
            65
        ]
    }
},
{
    "model": "post.tag",
    "pk": 9,
    "fields": {
        "tag_name": "discipline",
        "post": [
            59
        ]
    }
},
{
    "model": "post.tag",
    "pk": 10,
    "fields": {
        "tag_name": "relationships",
        "post": [
            64
        ]
    }
},
{
    "model": "post.tag",
    "pk": 11,
    "fields": {
        "tag_name": "success",
        "post": [
            63
        ]
    }
},
{
    "model": "post.tag",
    "pk": 12,
    "fields": {
        "tag_name": "depression",
        "post": [
            58
        ]
    }
},
{
    "model": "post.tag",
    "pk": 13,
    "fields": {
        "tag_name": "anxiety",
        "post": [
            58
        ]
    }
},
{
    "model": "post.tag",
    "pk": 15,
    "fields": {
        "tag_name": "ptsd",
        "post": [
            61
        ]
    }
},
{
    "model": "post.tag",
    "pk": 16,
    "fields": {
        "tag_name": "alcohol",
        "post": [
            48,
            65
        ]
    }
},
{
    "model": "post.tag",
    "pk": 17,
    "fields": {
        "tag_name": "internet_addiction",
        "post": [
            60
        ]
    }
},
{
    "model": "post.tag",
    "pk": 18,
    "fields": {
        "tag_name": "bipolar_disorder",
        "post": [
            59
        ]
    }
},
{
    "model": "post.tag",
    "pk": 19,
    "fields": {
        "tag_name": "social_anxiety_disorder",
        "post": [
            63
        ]
    }
},
{
    "model": "post.tag",
    "pk": 20,
    "fields": {
        "tag_name": "stress",
        "post": [
            55,
            67,
            69
        ]
    }
},
{
    "model": "post.tag",
    "pk": 21,
    "fields": {
        "tag_name": "sleep_disorder",
        "post": [
            71
        ]
    }
},
{
    "model": "post.tag",
    "pk": 22,
    "fields": {
        "tag_name": "empathy_deficit_disorder",
        "post": [
            66,
            71
        ]
    }
},
{
    "model": "post.like",
    "pk": 35,
    "fields": {
        "post": 62,
        "user": 6
    }
},
{
    "model": "post.like",
    "pk": 36,
    "fields": {
        "post": 61,
        "user": 6
    }
},
{
    "model": "post.like",
    "pk": 37,
    "fields": {
        "post": 55,
        "user": 6
    }
},
{
    "model": "post.like",
    "pk": 38,
    "fields": {
        "post": 59,
        "user": 6
    }
},
{
    "model": "post.like",
    "pk": 40,
    "fields": {
        "post": 67,
        "user": 6
    }
},
{
    "model": "post.comment",
    "pk": 1,
    "fields": {
        "post": 59,
        "user": 7,
        "parent": null,
        "content": "Good one!",
        "published_at": "2020-09-16T19:07:18.734Z"
    }
},
{
    "model": "post.comment",
    "pk": 2,
    "fields": {
        "post": 59,
        "user": 9,
        "parent": 1,
        "content": "Yes I think so too!",
        "published_at": "2020-09-16T19:07:56.671Z"
    }
},
{
    "model": "post.comment",
    "pk": 3,
    "fields": {
        "post": 59,
        "user": 8,
        "parent": 1,
        "content": "Yes gg!",
        "published_at": "2020-09-16T19:08:08.458Z"
    }
},
{
    "model": "post.comment",
    "pk": 4,
    "fields": {
        "post": 59,
        "user": 6,
        "parent": 3,
        "content": "Noice",
        "published_at": "2020-09-17T13:20:11.780Z"
    }
},
{
    "model": "post.comment",
    "pk": 5,
    "fields": {
        "post": 48,
        "user": 6,
        "parent": null,
        "content": "Nice. Very informative",
        "published_at": "2020-09-17T16:00:11.857Z"
    }
},
{
    "model": "post.comment",
    "pk": 7,
    "fields": {
        "post": 48,
        "user": 9,
        "parent": 5,
        "content": "Ae darudya gap raha.",
        "published_at": "2020-09-17T16:00:40.536Z"
    }
},
{
    "model": "post.comment",
    "pk": 8,
    "fields": {
        "post": 48,
        "user": 7,
        "parent": 7,
        "content": "Konala daruda boltoy re.",
        "published_at": "2020-09-17T16:00:57.666Z"
    }
},
{
    "model": "post.comment",
    "pk": 11,
    "fields": {
        "post": 48,
        "user": 6,
        "parent": null,
        "content": "yes you are absolutely right!",
        "published_at": "2020-09-17T19:23:50.534Z"
    }
},
{
    "model": "post.comment",
    "pk": 12,
    "fields": {
        "post": 48,
        "user": 8,
        "parent": null,
        "content": "yes you are right!",
        "published_at": "2020-09-17T19:43:00.599Z"
    }
}
]
